TimeStamp,User ID,Date Of Birth,city,country,Loyalty Card,Payment Card,PRM Type,Preferred means of transportation,Preferred carrier,Class,Seat,Refund Type,Travel Offer ID,Legs Number,Profile,Starting point,Destination,Via,Departure time,Arrival time,Services,Transfers,Transfer duration,Walking distance to stop,Walking speed,Cycling distance to stop,Cycling speed,Driving speed,Quick,Reliable,Cheap,Comfortable,Door-to-door,Environmentally friendly,Short,Multitasking,Social,Panoramic,Healthy,LegMode,LegCarrier,LegSeat,LegLength,Score
2021-04-30 05:05:35.582118,Ali,1992-08-02,Tehran,Iran,"['Grand Voyageur', 'Golden Card', 'Cartafreccia']","['Apple Wallet', 'Google Wallet', 'Visa', 'Mastercard']","['Pregnant woman', 'Older person', 'Person with deafness or auditory impairments', 'Persons porting a carrycots', 'Wheelchair users in mainstreaming seat', 'Persons with blind or visual impairments']","['Intercity', 'Urban', 'Funicular', 'Trolely Bus', 'Bus', 'Park']","[4.5, 2.5, 4.5, 3.5, 3.0, 1.5, 5.0, 1.5, 3.5, 3.5]",Economy,Window,Automatic refund,202107071101493,6,Business,Milan,Dublin,"['Berlin', 'Frankfurt']",2021-06-13 21:49,2021-06-15 08:53,"['Local type', 'Telecabin']",Max 4,At least 40 min,2500m,Slow,5000m,Fast,Fast,0.2123,0.9883,0.6413,0.136,0.6108,0.7381,0.5125,0.4446,0.2411,0.0436,0.8849,"['Park', 'Train', 'Urban', 'Train', 'Funicular', 'Car Sharing']","['AirFrance', 'FlixBus', 'FlixBus', 'RegioJet', 'KLM', 'Trenitalia']","['Aisle', 'Aisle', 'Large', 'Aisle', 'Window', 'Aisle']","[40, 47, 95, 12, 18, 48]",0.8717948717948718
2021-04-30 05:05:35.582118,Ali,1992-08-02,Tehran,Iran,"['Grand Voyageur', 'Golden Card', 'Cartafreccia']","['Apple Wallet', 'Google Wallet', 'Visa', 'Mastercard']","['Pregnant woman', 'Older person', 'Person with deafness or auditory impairments', 'Persons porting a carrycots', 'Wheelchair users in mainstreaming seat', 'Persons with blind or visual impairments']","['Intercity', 'Urban', 'Funicular', 'Trolely Bus', 'Bus', 'Park']","[4.5, 2.5, 4.5, 3.5, 3.0, 1.5, 5.0, 1.5, 3.5, 3.5]",Economy,Window,Automatic refund,2021070711014915,3,Business,Milan,Dublin,"['Berlin', 'Frankfurt']",2021-06-13 21:49,2021-06-15 08:53,"['Local type', 'Telecabin']",Max 1,At least 25 min,3000m,Slow,12500m,Fast,Fast,0.0681,0.0531,0.3669,0.8745,0.3805,0.8445,0.7235,0.9424,0.5013,0.0493,0.8487,"['Toll', 'Taxi', 'Funicular']","['VBB', 'FlixBus', 'VBB']","['Aisle', 'Aisle', 'Aisle']","[83, 44, 56]",0.7948717948717948
2021-04-30 05:05:35.582118,Ali,1992-08-02,Tehran,Iran,"['Grand Voyageur', 'Golden Card', 'Cartafreccia']","['Apple Wallet', 'Google Wallet', 'Visa', 'Mastercard']","['Pregnant woman', 'Older person', 'Person with deafness or auditory impairments', 'Persons porting a carrycots', 'Wheelchair users in mainstreaming seat', 'Persons with blind or visual impairments']","['Intercity', 'Urban', 'Funicular', 'Trolely Bus', 'Bus', 'Park']","[4.5, 2.5, 4.5, 3.5, 3.0, 1.5, 5.0, 1.5, 3.5, 3.5]",Economy,Window,Automatic refund,2021070711014931,5,Business,Milan,Dublin,"['Berlin', 'Frankfurt']",2021-06-13 21:49,2021-06-15 08:53,"['Local type', 'Telecabin']",Max 1,At least 15 min,4000m,Slow,10000m,Fast,Fast,0.5527,0.3569,0.1666,0.12,0.2822,0.2536,0.7847,0.9670000000000001,0.1167,0.9743,0.6213,"['Car Sharing', 'Cable Way', 'Ship', 'Taxi', 'Metro']","['Trenitalia', 'SNFC', 'SNFC', 'Renfe', 'TMB']","['Window', 'Aisle', 'Large', 'Large', 'Aisle']","[20, 32, 98, 96, 12]",0.7692307692307693
2021-04-30 05:05:35.582118,Ali,1992-08-02,Tehran,Iran,"['Grand Voyageur', 'Golden Card', 'Cartafreccia']","['Apple Wallet', 'Google Wallet', 'Visa', 'Mastercard']","['Pregnant woman', 'Older person', 'Person with deafness or auditory impairments', 'Persons porting a carrycots', 'Wheelchair users in mainstreaming seat', 'Persons with blind or visual impairments']","['Intercity', 'Urban', 'Funicular', 'Trolely Bus', 'Bus', 'Park']","[4.5, 2.5, 4.5, 3.5, 3.0, 1.5, 5.0, 1.5, 3.5, 3.5]",Economy,Window,Automatic refund,2021070711014912,3,Business,Milan,Dublin,"['Berlin', 'Frankfurt']",2021-06-13 21:49,2021-06-15 08:53,"['Local type', 'Telecabin']",Max 1,At least 40 min,500m,Slow,5000m,Fast,Fast,0.8688,0.0759,0.0764,0.8258,0.6739,0.0895,0.2006,0.3453,0.1864,0.7876,0.9177,"['Coach', 'Tram', 'Coach']","['SNFC', 'Renfe', 'FlixBus']","['Large', 'Window', 'Large']","[75, 10, 14]",0.7692307692307693
2021-04-30 05:05:35.582118,Ali,1992-08-02,Tehran,Iran,"['Grand Voyageur', 'Golden Card', 'Cartafreccia']","['Apple Wallet', 'Google Wallet', 'Visa', 'Mastercard']","['Pregnant woman', 'Older person', 'Person with deafness or auditory impairments', 'Persons porting a carrycots', 'Wheelchair users in mainstreaming seat', 'Persons with blind or visual impairments']","['Intercity', 'Urban', 'Funicular', 'Trolely Bus', 'Bus', 'Park']","[4.5, 2.5, 4.5, 3.5, 3.0, 1.5, 5.0, 1.5, 3.5, 3.5]",Economy,Window,Automatic refund,202107071101492,6,Business,Milan,Dublin,"['Berlin', 'Frankfurt']",2021-06-13 21:49,2021-06-15 08:53,"['Local type', 'Telecabin']",Max 4,At least 30 min,1000m,Slow,4500m,Fast,Fast,0.0837,0.6834,0.0917,0.5582,0.3222,0.2021,0.4133,0.6019,0.1052,0.0062,0.67,"['Car Sharing', 'Train', 'Trolely Bus', 'Ship', 'Bus', 'Metro']","['SNFC', 'KLM', 'Renfe', 'Renfe', 'RegioJet', 'FlixBus']","['Aisle', 'Aisle', 'Large', 'Large', 'Large', 'Aisle']","[47, 50, 94, 38, 68, 38]",0.7435897435897436
2021-04-30 05:05:35.582118,Ali,1992-08-02,Tehran,Iran,"['Grand Voyageur', 'Golden Card', 'Cartafreccia']","['Apple Wallet', 'Google Wallet', 'Visa', 'Mastercard']","['Pregnant woman', 'Older person', 'Person with deafness or auditory impairments', 'Persons porting a carrycots', 'Wheelchair users in mainstreaming seat', 'Persons with blind or visual impairments']","['Intercity', 'Urban', 'Funicular', 'Trolely Bus', 'Bus', 'Park']","[4.5, 2.5, 4.5, 3.5, 3.0, 1.5, 5.0, 1.5, 3.5, 3.5]",Economy,Window,Automatic refund,2021070711014920,10,Business,Milan,Dublin,"['Berlin', 'Frankfurt']",2021-06-13 21:49,2021-06-15 08:53,"['Local type', 'Telecabin']",Max 1,At least 45 min,1000m,Slow,13500m,Fast,Fast,0.8158,0.5578,0.3598,0.1713,0.4305,0.5908,0.0803,0.2406,0.8578,0.8613,0.982,"['Coach', 'Car Sharing', 'Toll', 'Airline', 'Funicular', 'Urban', 'Metro', 'Cable Way', 'Toll', 'Metro']","['AirFrance', 'Trenitalia', 'Trenitalia', 'TMB', 'TMB', 'KLM', 'TMB', 'AirFrance', 'AirFrance', 'SNFC']","['Aisle', 'Large', 'Window', 'Window', 'Large', 'Window', 'Aisle', 'Large', 'Window', 'Large']","[42, 10, 66, 61, 56, 80, 50, 92, 29, 44]",0.6923076923076923
2021-04-30 05:05:35.582118,Ali,1992-08-02,Tehran,Iran,"['Grand Voyageur', 'Golden Card', 'Cartafreccia']","['Apple Wallet', 'Google Wallet', 'Visa', 'Mastercard']","['Pregnant woman', 'Older person', 'Person with deafness or auditory impairments', 'Persons porting a carrycots', 'Wheelchair users in mainstreaming seat', 'Persons with blind or visual impairments']","['Intercity', 'Urban', 'Funicular', 'Trolely Bus', 'Bus', 'Park']","[4.5, 2.5, 4.5, 3.5, 3.0, 1.5, 5.0, 1.5, 3.5, 3.5]",Economy,Window,Automatic refund,202107071101495,2,Business,Milan,Dublin,"['Berlin', 'Frankfurt']",2021-06-13 21:49,2021-06-15 08:53,"['Local type', 'Telecabin']",Max 2,At least 20 min,3500m,Slow,19500m,Fast,Fast,0.1315,0.6223,0.6899,0.8159,0.6002,0.4172,0.6001,0.6596,0.6606,0.578,0.8857,"['Urban', 'Toll']","['TMB', 'KLM']","['Aisle', 'Aisle']","[71, 19]",0.6666666666666666
2021-04-30 05:05:35.582118,Ali,1992-08-02,Tehran,Iran,"['Grand Voyageur', 'Golden Card', 'Cartafreccia']","['Apple Wallet', 'Google Wallet', 'Visa', 'Mastercard']","['Pregnant woman', 'Older person', 'Person with deafness or auditory impairments', 'Persons porting a carrycots', 'Wheelchair users in mainstreaming seat', 'Persons with blind or visual impairments']","['Intercity', 'Urban', 'Funicular', 'Trolely Bus', 'Bus', 'Park']","[4.5, 2.5, 4.5, 3.5, 3.0, 1.5, 5.0, 1.5, 3.5, 3.5]",Economy,Window,Automatic refund,202107071101499,6,Business,Milan,Dublin,"['Berlin', 'Frankfurt']",2021-06-13 21:49,2021-06-15 08:53,"['Local type', 'Telecabin']",None,At least 20 min,1500m,Slow,17500m,Fast,Fast,0.0989,0.8028,0.2409,0.7777,0.695,0.5254,0.2439,0.0558,0.5011,0.4895,0.2542,"['Car Sharing', 'Other', 'Trolely Bus', 'Funicular', 'Urban', 'Coach']","['KLM', 'FlixBus', 'TMB', 'Renfe', 'FlixBus', 'Iberia']","['Large', 'Aisle', 'Large', 'Aisle', 'Aisle', 'Window']","[41, 73, 67, 43, 83, 61]",0.6666666666666666
2021-04-30 05:05:35.582118,Ali,1992-08-02,Tehran,Iran,"['Grand Voyageur', 'Golden Card', 'Cartafreccia']","['Apple Wallet', 'Google Wallet', 'Visa', 'Mastercard']","['Pregnant woman', 'Older person', 'Person with deafness or auditory impairments', 'Persons porting a carrycots', 'Wheelchair users in mainstreaming seat', 'Persons with blind or visual impairments']","['Intercity', 'Urban', 'Funicular', 'Trolely Bus', 'Bus', 'Park']","[4.5, 2.5, 4.5, 3.5, 3.0, 1.5, 5.0, 1.5, 3.5, 3.5]",Economy,Window,Automatic refund,2021070711014923,1,Business,Milan,Dublin,"['Berlin', 'Frankfurt']",2021-06-13 21:49,2021-06-15 08:53,"['Local type', 'Telecabin']",Max 1,At least 10 min,3500m,Slow,4000m,Fast,Fast,0.909,0.3735,0.8564,0.7035,0.4452,0.597,0.6186,0.1573,0.4715,0.993,0.5423,['Bus'],['Renfe'],['Window'],[91],0.6666666666666666
2021-04-30 05:05:35.582118,Ali,1992-08-02,Tehran,Iran,"['Grand Voyageur', 'Golden Card', 'Cartafreccia']","['Apple Wallet', 'Google Wallet', 'Visa', 'Mastercard']","['Pregnant woman', 'Older person', 'Person with deafness or auditory impairments', 'Persons porting a carrycots', 'Wheelchair users in mainstreaming seat', 'Persons with blind or visual impairments']","['Intercity', 'Urban', 'Funicular', 'Trolely Bus', 'Bus', 'Park']","[4.5, 2.5, 4.5, 3.5, 3.0, 1.5, 5.0, 1.5, 3.5, 3.5]",Economy,Window,Automatic refund,2021070711014926,10,Business,Milan,Dublin,"['Berlin', 'Frankfurt']",2021-06-13 21:49,2021-06-15 08:53,"['Local type', 'Telecabin']",Unlimited,normal,3500m,Slow,16000m,Fast,Fast,0.7041,0.9608,0.6168,0.4161,0.0967,0.3651,0.9373,0.8181,0.6152,0.7868,0.8146,"['Car Sharing', 'Cable Way', 'Bus', 'Intercity', 'Funicular', 'Bike Sharing', 'Train', 'Coach', 'Intercity', 'Intercity']","['TMB', 'RegioJet', 'RegioJet', 'KLM', 'VBB', 'KLM', 'AirFrance', 'Iberia', 'Renfe', 'FlixBus']","['Large', 'Large', 'Window', 'Aisle', 'Window', 'Large', 'Aisle', 'Large', 'Large', 'Window']","[21, 60, 38, 50, 56, 16, 55, 31, 83, 100]",0.6666666666666666
2021-04-30 05:05:35.582118,Ali,1992-08-02,Tehran,Iran,"['Grand Voyageur', 'Golden Card', 'Cartafreccia']","['Apple Wallet', 'Google Wallet', 'Visa', 'Mastercard']","['Pregnant woman', 'Older person', 'Person with deafness or auditory impairments', 'Persons porting a carrycots', 'Wheelchair users in mainstreaming seat', 'Persons with blind or visual impairments']","['Intercity', 'Urban', 'Funicular', 'Trolely Bus', 'Bus', 'Park']","[4.5, 2.5, 4.5, 3.5, 3.0, 1.5, 5.0, 1.5, 3.5, 3.5]",Economy,Window,Automatic refund,2021070711014911,8,Business,Milan,Dublin,"['Berlin', 'Frankfurt']",2021-06-13 21:49,2021-06-15 08:53,"['Local type', 'Telecabin']",None,At least 40 min,2000m,Slow,19500m,Fast,Fast,0.6666,0.9703,0.1419,0.3926,0.8222,0.6327,0.5155,0.922,0.5474,0.4652,0.7737,"['Intercity', 'Intercity', 'Ship', 'Train', 'Taxi', 'Car Sharing', 'Car Sharing', 'Metro']","['FlixBus', 'SNFC', 'KLM', 'VBB', 'RegioJet', 'AirFrance', 'KLM', 'Trenitalia']","['Aisle', 'Window', 'Aisle', 'Aisle', 'Window', 'Window', 'Window', 'Aisle']","[72, 31, 21, 21, 70, 59, 38, 59]",0.6410256410256411
2021-04-30 05:05:35.582118,Ali,1992-08-02,Tehran,Iran,"['Grand Voyageur', 'Golden Card', 'Cartafreccia']","['Apple Wallet', 'Google Wallet', 'Visa', 'Mastercard']","['Pregnant woman', 'Older person', 'Person with deafness or auditory impairments', 'Persons porting a carrycots', 'Wheelchair users in mainstreaming seat', 'Persons with blind or visual impairments']","['Intercity', 'Urban', 'Funicular', 'Trolely Bus', 'Bus', 'Park']","[4.5, 2.5, 4.5, 3.5, 3.0, 1.5, 5.0, 1.5, 3.5, 3.5]",Economy,Window,Automatic refund,2021070711014929,9,Business,Milan,Dublin,"['Berlin', 'Frankfurt']",2021-06-13 21:49,2021-06-15 08:53,"['Local type', 'Telecabin']",Max 1,At least 15 min,2500m,Slow,19500m,Fast,Fast,0.3231,0.0379,0.8238,0.2725,0.076,0.1543,0.8139,0.4966,0.6801,0.0959,0.0448,"['Other', 'Cable Way', 'Trolely Bus', 'Toll', 'Park', 'Urban', 'Bus', 'Car Sharing', 'Car Sharing']","['AirFrance', 'Renfe', 'Trenitalia', 'SNFC', 'Trenitalia', 'TMB', 'KLM', 'FlixBus', 'Renfe']","['Large', 'Window', 'Window', 'Window', 'Aisle', 'Large', 'Aisle', 'Window', 'Window']","[66, 97, 23, 82, 69, 70, 67, 61, 14]",0.6410256410256411
2021-04-30 05:05:35.582118,Ali,1992-08-02,Tehran,Iran,"['Grand Voyageur', 'Golden Card', 'Cartafreccia']","['Apple Wallet', 'Google Wallet', 'Visa', 'Mastercard']","['Pregnant woman', 'Older person', 'Person with deafness or auditory impairments', 'Persons porting a carrycots', 'Wheelchair users in mainstreaming seat', 'Persons with blind or visual impairments']","['Intercity', 'Urban', 'Funicular', 'Trolely Bus', 'Bus', 'Park']","[4.5, 2.5, 4.5, 3.5, 3.0, 1.5, 5.0, 1.5, 3.5, 3.5]",Economy,Window,Automatic refund,2021070711014919,4,Business,Milan,Dublin,"['Berlin', 'Frankfurt']",2021-06-13 21:49,2021-06-15 08:53,"['Local type', 'Telecabin']",Max 1,At least 25 min,2000m,Slow,19500m,Fast,Fast,0.8133,0.6299,0.5578,0.5166,0.5770000000000001,0.8802,0.5823,0.9925,0.8607,0.0251,0.6112,"['Bus', 'Urban', 'Bike Sharing', 'Park']","['VBB', 'VBB', 'RegioJet', 'AirFrance']","['Window', 'Large', 'Aisle', 'Window']","[66, 75, 20, 35]",0.6410256410256411
2021-04-30 05:05:35.582118,Ali,1992-08-02,Tehran,Iran,"['Grand Voyageur', 'Golden Card', 'Cartafreccia']","['Apple Wallet', 'Google Wallet', 'Visa', 'Mastercard']","['Pregnant woman', 'Older person', 'Person with deafness or auditory impairments', 'Persons porting a carrycots', 'Wheelchair users in mainstreaming seat', 'Persons with blind or visual impairments']","['Intercity', 'Urban', 'Funicular', 'Trolely Bus', 'Bus', 'Park']","[4.5, 2.5, 4.5, 3.5, 3.0, 1.5, 5.0, 1.5, 3.5, 3.5]",Economy,Window,Automatic refund,2021070711014924,2,Business,Milan,Dublin,"['Berlin', 'Frankfurt']",2021-06-13 21:49,2021-06-15 08:53,"['Local type', 'Telecabin']",Max 1,At least 20 min,4000m,Slow,18500m,Fast,Fast,0.9696,0.431,0.4822,0.08199999999999999,0.2302,0.8435,0.8123,0.7433,0.8124,0.769,0.1095,"['Airline', 'Bike Sharing']","['FlixBus', 'Renfe']","['Window', 'Window']","[72, 20]",0.6410256410256411
2021-04-30 05:05:35.582118,Ali,1992-08-02,Tehran,Iran,"['Grand Voyageur', 'Golden Card', 'Cartafreccia']","['Apple Wallet', 'Google Wallet', 'Visa', 'Mastercard']","['Pregnant woman', 'Older person', 'Person with deafness or auditory impairments', 'Persons porting a carrycots', 'Wheelchair users in mainstreaming seat', 'Persons with blind or visual impairments']","['Intercity', 'Urban', 'Funicular', 'Trolely Bus', 'Bus', 'Park']","[4.5, 2.5, 4.5, 3.5, 3.0, 1.5, 5.0, 1.5, 3.5, 3.5]",Economy,Window,Automatic refund,2021070711014932,3,Business,Milan,Dublin,"['Berlin', 'Frankfurt']",2021-06-13 21:49,2021-06-15 08:53,"['Local type', 'Telecabin']",Unlimited,normal,2500m,Slow,18500m,Fast,Fast,0.21899999999999997,0.8692,0.1551,0.1305,0.4856,0.9497,0.8859,0.4643,0.9109,0.1809,0.8871,"['Ship', 'Coach', 'Metro']","['FlixBus', 'KLM', 'AirFrance']","['Large', 'Window', 'Window']","[15, 76, 67]",0.6410256410256411
2021-04-30 05:05:35.582118,Ali,1992-08-02,Tehran,Iran,"['Grand Voyageur', 'Golden Card', 'Cartafreccia']","['Apple Wallet', 'Google Wallet', 'Visa', 'Mastercard']","['Pregnant woman', 'Older person', 'Person with deafness or auditory impairments', 'Persons porting a carrycots', 'Wheelchair users in mainstreaming seat', 'Persons with blind or visual impairments']","['Intercity', 'Urban', 'Funicular', 'Trolely Bus', 'Bus', 'Park']","[4.5, 2.5, 4.5, 3.5, 3.0, 1.5, 5.0, 1.5, 3.5, 3.5]",Economy,Window,Automatic refund,2021070711014917,9,Business,Milan,Dublin,"['Berlin', 'Frankfurt']",2021-06-13 21:49,2021-06-15 08:53,"['Local type', 'Telecabin']",Max 3,At least 10 min,3500m,Slow,12000m,Fast,Fast,0.5328,0.4515,0.5992,0.8828,0.2263,0.052000000000000005,0.5172,0.6362,0.0069,0.9081,0.3719,"['Funicular', 'Park', 'Train', 'Ship', 'Funicular', 'Coach', 'Intercity', 'Park', 'Cable Way']","['Renfe', 'Iberia', 'Renfe', 'Iberia', 'TMB', 'AirFrance', 'Renfe', 'Trenitalia', 'Iberia']","['Window', 'Large', 'Large', 'Aisle', 'Window', 'Aisle', 'Aisle', 'Aisle', 'Aisle']","[46, 91, 12, 19, 59, 83, 83, 95, 22]",0.6153846153846154
2021-04-30 05:05:35.582118,Ali,1992-08-02,Tehran,Iran,"['Grand Voyageur', 'Golden Card', 'Cartafreccia']","['Apple Wallet', 'Google Wallet', 'Visa', 'Mastercard']","['Pregnant woman', 'Older person', 'Person with deafness or auditory impairments', 'Persons porting a carrycots', 'Wheelchair users in mainstreaming seat', 'Persons with blind or visual impairments']","['Intercity', 'Urban', 'Funicular', 'Trolely Bus', 'Bus', 'Park']","[4.5, 2.5, 4.5, 3.5, 3.0, 1.5, 5.0, 1.5, 3.5, 3.5]",Economy,Window,Automatic refund,2021070711014927,2,Business,Milan,Dublin,"['Berlin', 'Frankfurt']",2021-06-13 21:49,2021-06-15 08:53,"['Local type', 'Telecabin']",Max 1,At least 10 min,3500m,Slow,9500m,Fast,Fast,0.3161,0.1585,0.9648,0.6498,0.5442,0.0074,0.3635,0.8155,0.1345,0.6984,0.3308,"['Tram', 'Taxi']","['Renfe', 'AirFrance']","['Window', 'Window']","[38, 35]",0.6153846153846154
2021-04-30 05:05:35.582118,Ali,1992-08-02,Tehran,Iran,"['Grand Voyageur', 'Golden Card', 'Cartafreccia']","['Apple Wallet', 'Google Wallet', 'Visa', 'Mastercard']","['Pregnant woman', 'Older person', 'Person with deafness or auditory impairments', 'Persons porting a carrycots', 'Wheelchair users in mainstreaming seat', 'Persons with blind or visual impairments']","['Intercity', 'Urban', 'Funicular', 'Trolely Bus', 'Bus', 'Park']","[4.5, 2.5, 4.5, 3.5, 3.0, 1.5, 5.0, 1.5, 3.5, 3.5]",Economy,Window,Automatic refund,2021070711014922,10,Business,Milan,Dublin,"['Berlin', 'Frankfurt']",2021-06-13 21:49,2021-06-15 08:53,"['Local type', 'Telecabin']",None,At least 25 min,1500m,Slow,14000m,Fast,Fast,0.4478,0.9587,0.0201,0.9657,0.7457,0.0207,0.3637,0.6970000000000001,0.6773,0.9416,0.0536,"['Intercity', 'Urban', 'Bike Sharing', 'Car Sharing', 'Coach', 'Bus', 'Trolely Bus', 'Tram', 'Urban', 'Urban']","['Trenitalia', 'RegioJet', 'Iberia', 'TMB', 'Iberia', 'Iberia', 'FlixBus', 'Iberia', 'RegioJet', 'TMB']","['Aisle', 'Large', 'Large', 'Large', 'Window', 'Aisle', 'Aisle', 'Aisle', 'Aisle', 'Window']","[27, 21, 11, 52, 30, 60, 41, 14, 53, 56]",0.6153846153846154
2021-04-30 05:05:35.582118,Ali,1992-08-02,Tehran,Iran,"['Grand Voyageur', 'Golden Card', 'Cartafreccia']","['Apple Wallet', 'Google Wallet', 'Visa', 'Mastercard']","['Pregnant woman', 'Older person', 'Person with deafness or auditory impairments', 'Persons porting a carrycots', 'Wheelchair users in mainstreaming seat', 'Persons with blind or visual impairments']","['Intercity', 'Urban', 'Funicular', 'Trolely Bus', 'Bus', 'Park']","[4.5, 2.5, 4.5, 3.5, 3.0, 1.5, 5.0, 1.5, 3.5, 3.5]",Economy,Window,Automatic refund,2021070711014914,9,Business,Milan,Dublin,"['Berlin', 'Frankfurt']",2021-06-13 21:49,2021-06-15 08:53,"['Local type', 'Telecabin']",Max 1,At least 20 min,500m,Slow,18500m,Fast,Fast,0.1613,0.40700000000000003,0.1506,0.9994,0.1568,0.0438,0.8838,0.7015,0.0522,0.1056,0.0396,"['Park', 'Intercity', 'Toll', 'Train', 'Urban', 'Bus', 'Coach', 'Intercity', 'Metro']","['KLM', 'SNFC', 'Renfe', 'Renfe', 'SNFC', 'Renfe', 'TMB', 'SNFC', 'FlixBus']","['Aisle', 'Aisle', 'Large', 'Window', 'Aisle', 'Window', 'Window', 'Aisle', 'Aisle']","[86, 94, 42, 77, 78, 35, 10, 20, 67]",0.5897435897435898
2021-04-30 05:05:35.582118,Ali,1992-08-02,Tehran,Iran,"['Grand Voyageur', 'Golden Card', 'Cartafreccia']","['Apple Wallet', 'Google Wallet', 'Visa', 'Mastercard']","['Pregnant woman', 'Older person', 'Person with deafness or auditory impairments', 'Persons porting a carrycots', 'Wheelchair users in mainstreaming seat', 'Persons with blind or visual impairments']","['Intercity', 'Urban', 'Funicular', 'Trolely Bus', 'Bus', 'Park']","[4.5, 2.5, 4.5, 3.5, 3.0, 1.5, 5.0, 1.5, 3.5, 3.5]",Economy,Window,Automatic refund,2021070711014934,2,Business,Milan,Dublin,"['Berlin', 'Frankfurt']",2021-06-13 21:49,2021-06-15 08:53,"['Local type', 'Telecabin']",Max 1,At least 20 min,2000m,Slow,6000m,Fast,Fast,0.2892,0.1912,0.7871,0.6484,0.8499,0.0252,0.2956,0.3068,0.3306,0.5411,0.6955,"['Cable Way', 'Coach']","['TMB', 'KLM']","['Window', 'Large']","[33, 43]",0.5897435897435898
2021-04-30 05:05:35.582118,Ali,1992-08-02,Tehran,Iran,"['Grand Voyageur', 'Golden Card', 'Cartafreccia']","['Apple Wallet', 'Google Wallet', 'Visa', 'Mastercard']","['Pregnant woman', 'Older person', 'Person with deafness or auditory impairments', 'Persons porting a carrycots', 'Wheelchair users in mainstreaming seat', 'Persons with blind or visual impairments']","['Intercity', 'Urban', 'Funicular', 'Trolely Bus', 'Bus', 'Park']","[4.5, 2.5, 4.5, 3.5, 3.0, 1.5, 5.0, 1.5, 3.5, 3.5]",Economy,Window,Automatic refund,202107071101494,4,Business,Milan,Dublin,"['Berlin', 'Frankfurt']",2021-06-13 21:49,2021-06-15 08:53,"['Local type', 'Telecabin']",Max 4,At least 45 min,2000m,Slow,11500m,Fast,Fast,0.4853,0.3529,0.7388,0.4539,0.9577,0.3019,0.2319,0.1459,0.5772,0.0393,0.3628,"['Funicular', 'Trolely Bus', 'Urban', 'Trolely Bus']","['SNFC', 'TMB', 'Trenitalia', 'VBB']","['Aisle', 'Aisle', 'Aisle', 'Window']","[74, 29, 36, 40]",0.5897435897435898
2021-04-30 05:05:35.582118,Ali,1992-08-02,Tehran,Iran,"['Grand Voyageur', 'Golden Card', 'Cartafreccia']","['Apple Wallet', 'Google Wallet', 'Visa', 'Mastercard']","['Pregnant woman', 'Older person', 'Person with deafness or auditory impairments', 'Persons porting a carrycots', 'Wheelchair users in mainstreaming seat', 'Persons with blind or visual impairments']","['Intercity', 'Urban', 'Funicular', 'Trolely Bus', 'Bus', 'Park']","[4.5, 2.5, 4.5, 3.5, 3.0, 1.5, 5.0, 1.5, 3.5, 3.5]",Economy,Window,Automatic refund,2021070711014928,1,Business,Milan,Dublin,"['Berlin', 'Frankfurt']",2021-06-13 21:49,2021-06-15 08:53,"['Local type', 'Telecabin']",None,At least 35 min,1500m,Slow,3500m,Fast,Fast,0.0458,0.1115,0.7142,0.4803,0.2149,0.8911,0.1184,0.0717,0.6318,0.7349,0.1413,['Other'],['KLM'],['Aisle'],[45],0.5897435897435898
2021-04-30 05:05:35.582118,Ali,1992-08-02,Tehran,Iran,"['Grand Voyageur', 'Golden Card', 'Cartafreccia']","['Apple Wallet', 'Google Wallet', 'Visa', 'Mastercard']","['Pregnant woman', 'Older person', 'Person with deafness or auditory impairments', 'Persons porting a carrycots', 'Wheelchair users in mainstreaming seat', 'Persons with blind or visual impairments']","['Intercity', 'Urban', 'Funicular', 'Trolely Bus', 'Bus', 'Park']","[4.5, 2.5, 4.5, 3.5, 3.0, 1.5, 5.0, 1.5, 3.5, 3.5]",Economy,Window,Automatic refund,2021070711014930,8,Business,Milan,Dublin,"['Berlin', 'Frankfurt']",2021-06-13 21:49,2021-06-15 08:53,"['Local type', 'Telecabin']",None,At least 35 min,2000m,Slow,5000m,Fast,Fast,0.1351,0.254,0.8802,0.981,0.4712,0.9747,0.8036,0.5997,0.7511,0.0202,0.1534,"['Bus', 'Car Sharing', 'Train', 'Taxi', 'Bike Sharing', 'Intercity', 'Park', 'Bus']","['VBB', 'Renfe', 'FlixBus', 'Renfe', 'Trenitalia', 'RegioJet', 'SNFC', 'KLM']","['Window', 'Large', 'Large', 'Window', 'Window', 'Aisle', 'Window', 'Aisle']","[76, 84, 72, 21, 17, 22, 51, 23]",0.5641025641025641
2021-04-30 05:05:35.582118,Ali,1992-08-02,Tehran,Iran,"['Grand Voyageur', 'Golden Card', 'Cartafreccia']","['Apple Wallet', 'Google Wallet', 'Visa', 'Mastercard']","['Pregnant woman', 'Older person', 'Person with deafness or auditory impairments', 'Persons porting a carrycots', 'Wheelchair users in mainstreaming seat', 'Persons with blind or visual impairments']","['Intercity', 'Urban', 'Funicular', 'Trolely Bus', 'Bus', 'Park']","[4.5, 2.5, 4.5, 3.5, 3.0, 1.5, 5.0, 1.5, 3.5, 3.5]",Economy,Window,Automatic refund,202107071101491,3,Business,Milan,Dublin,"['Berlin', 'Frankfurt']",2021-06-13 21:49,2021-06-15 08:53,"['Local type', 'Telecabin']",None,At least 10 min,2500m,Slow,14000m,Fast,Fast,0.5968,0.0072,0.7341,0.6343,0.6578,0.3533,0.8293,0.8477,0.3312,0.9279999999999999,0.5204,"['Cable Way', 'Train', 'Ship']","['FlixBus', 'SNFC', 'KLM']","['Aisle', 'Window', 'Large']","[20, 84, 96]",0.5641025641025641
2021-04-30 05:05:35.582118,Ali,1992-08-02,Tehran,Iran,"['Grand Voyageur', 'Golden Card', 'Cartafreccia']","['Apple Wallet', 'Google Wallet', 'Visa', 'Mastercard']","['Pregnant woman', 'Older person', 'Person with deafness or auditory impairments', 'Persons porting a carrycots', 'Wheelchair users in mainstreaming seat', 'Persons with blind or visual impairments']","['Intercity', 'Urban', 'Funicular', 'Trolely Bus', 'Bus', 'Park']","[4.5, 2.5, 4.5, 3.5, 3.0, 1.5, 5.0, 1.5, 3.5, 3.5]",Economy,Window,Automatic refund,202107071101497,5,Business,Milan,Dublin,"['Berlin', 'Frankfurt']",2021-06-13 21:49,2021-06-15 08:53,"['Local type', 'Telecabin']",Max 1,At least 25 min,1000m,Slow,7000m,Fast,Fast,0.1791,0.5568,0.8406,0.3058,0.552,0.3082,0.4434,0.1766,0.0416,0.0044,0.0037,"['Airline', 'Other', 'Funicular', 'Tram', 'Intercity']","['FlixBus', 'AirFrance', 'Iberia', 'FlixBus', 'Renfe']","['Window', 'Aisle', 'Aisle', 'Aisle', 'Aisle']","[84, 58, 46, 10, 81]",0.5128205128205128
2021-04-30 05:05:35.582118,Ali,1992-08-02,Tehran,Iran,"['Grand Voyageur', 'Golden Card', 'Cartafreccia']","['Apple Wallet', 'Google Wallet', 'Visa', 'Mastercard']","['Pregnant woman', 'Older person', 'Person with deafness or auditory impairments', 'Persons porting a carrycots', 'Wheelchair users in mainstreaming seat', 'Persons with blind or visual impairments']","['Intercity', 'Urban', 'Funicular', 'Trolely Bus', 'Bus', 'Park']","[4.5, 2.5, 4.5, 3.5, 3.0, 1.5, 5.0, 1.5, 3.5, 3.5]",Economy,Window,Automatic refund,2021070711014935,6,Business,Milan,Dublin,"['Berlin', 'Frankfurt']",2021-06-13 21:49,2021-06-15 08:53,"['Local type', 'Telecabin']",Max 4,At least 30 min,4000m,Slow,19500m,Fast,Fast,0.9514,0.526,0.2504,0.7828,0.4718,0.8289,0.5731,0.0768,0.6394,0.1992,0.3849,"['Other', 'Other', 'Park', 'Taxi', 'Ship', 'Trolely Bus']","['SNFC', 'Renfe', 'Trenitalia', 'VBB', 'KLM', 'RegioJet']","['Window', 'Large', 'Aisle', 'Window', 'Window', 'Window']","[84, 88, 57, 13, 54, 56]",0.5128205128205128
2021-04-30 05:05:35.582118,Ali,1992-08-02,Tehran,Iran,"['Grand Voyageur', 'Golden Card', 'Cartafreccia']","['Apple Wallet', 'Google Wallet', 'Visa', 'Mastercard']","['Pregnant woman', 'Older person', 'Person with deafness or auditory impairments', 'Persons porting a carrycots', 'Wheelchair users in mainstreaming seat', 'Persons with blind or visual impairments']","['Intercity', 'Urban', 'Funicular', 'Trolely Bus', 'Bus', 'Park']","[4.5, 2.5, 4.5, 3.5, 3.0, 1.5, 5.0, 1.5, 3.5, 3.5]",Economy,Window,Automatic refund,2021070711014918,6,Business,Milan,Dublin,"['Berlin', 'Frankfurt']",2021-06-13 21:49,2021-06-15 08:53,"['Local type', 'Telecabin']",Max 2,At least 10 min,2500m,Slow,15000m,Fast,Fast,0.8061,0.3442,0.9664,0.8208,0.6375,0.579,0.5329,0.6713,0.8113,0.6409,0.3375,"['Train', 'Bus', 'Tram', 'Metro', 'Tram', 'Park']","['Iberia', 'Iberia', 'KLM', 'Trenitalia', 'VBB', 'SNFC']","['Aisle', 'Aisle', 'Window', 'Large', 'Large', 'Large']","[89, 67, 20, 88, 54, 55]",0.48717948717948717
2021-04-30 05:05:35.582118,Ali,1992-08-02,Tehran,Iran,"['Grand Voyageur', 'Golden Card', 'Cartafreccia']","['Apple Wallet', 'Google Wallet', 'Visa', 'Mastercard']","['Pregnant woman', 'Older person', 'Person with deafness or auditory impairments', 'Persons porting a carrycots', 'Wheelchair users in mainstreaming seat', 'Persons with blind or visual impairments']","['Intercity', 'Urban', 'Funicular', 'Trolely Bus', 'Bus', 'Park']","[4.5, 2.5, 4.5, 3.5, 3.0, 1.5, 5.0, 1.5, 3.5, 3.5]",Economy,Window,Automatic refund,2021070711014925,8,Business,Milan,Dublin,"['Berlin', 'Frankfurt']",2021-06-13 21:49,2021-06-15 08:53,"['Local type', 'Telecabin']",Unlimited,At least 45 min,3000m,Slow,6500m,Fast,Fast,0.7901,0.342,0.747,0.4222,0.4875,0.0311,0.0838,0.7045,0.9209,0.1567,0.5969,"['Funicular', 'Airline', 'Coach', 'Metro', 'Bus', 'Bike Sharing', 'Metro', 'Coach']","['Trenitalia', 'KLM', 'FlixBus', 'SNFC', 'AirFrance', 'AirFrance', 'Renfe', 'KLM']","['Aisle', 'Window', 'Window', 'Aisle', 'Large', 'Aisle', 'Large', 'Window']","[52, 45, 17, 67, 32, 27, 54, 27]",0.46153846153846156
2021-04-30 05:05:35.582118,Ali,1992-08-02,Tehran,Iran,"['Grand Voyageur', 'Golden Card', 'Cartafreccia']","['Apple Wallet', 'Google Wallet', 'Visa', 'Mastercard']","['Pregnant woman', 'Older person', 'Person with deafness or auditory impairments', 'Persons porting a carrycots', 'Wheelchair users in mainstreaming seat', 'Persons with blind or visual impairments']","['Intercity', 'Urban', 'Funicular', 'Trolely Bus', 'Bus', 'Park']","[4.5, 2.5, 4.5, 3.5, 3.0, 1.5, 5.0, 1.5, 3.5, 3.5]",Economy,Window,Automatic refund,2021070711014916,8,Business,Milan,Dublin,"['Berlin', 'Frankfurt']",2021-06-13 21:49,2021-06-15 08:53,"['Local type', 'Telecabin']",None,At least 30 min,500m,Slow,9500m,Fast,Fast,0.0362,0.8409,0.1292,0.565,0.9965,0.95,0.8217,0.3954,0.8019,0.8133,0.6325,"['Bus', 'Train', 'Toll', 'Park', 'Bike Sharing', 'Coach', 'Trolely Bus', 'Urban']","['KLM', 'AirFrance', 'SNFC', 'Renfe', 'FlixBus', 'SNFC', 'TMB', 'SNFC']","['Large', 'Large', 'Large', 'Large', 'Window', 'Window', 'Aisle', 'Window']","[79, 85, 53, 44, 17, 87, 78, 10]",0.46153846153846156
2021-04-30 05:05:35.582118,Ali,1992-08-02,Tehran,Iran,"['Grand Voyageur', 'Golden Card', 'Cartafreccia']","['Apple Wallet', 'Google Wallet', 'Visa', 'Mastercard']","['Pregnant woman', 'Older person', 'Person with deafness or auditory impairments', 'Persons porting a carrycots', 'Wheelchair users in mainstreaming seat', 'Persons with blind or visual impairments']","['Intercity', 'Urban', 'Funicular', 'Trolely Bus', 'Bus', 'Park']","[4.5, 2.5, 4.5, 3.5, 3.0, 1.5, 5.0, 1.5, 3.5, 3.5]",Economy,Window,Automatic refund,202107071101498,1,Business,Milan,Dublin,"['Berlin', 'Frankfurt']",2021-06-13 21:49,2021-06-15 08:53,"['Local type', 'Telecabin']",Unlimited,At least 15 min,500m,Slow,6500m,Fast,Fast,0.2572,0.001,0.8767,0.0319,0.0707,0.657,0.1366,0.6751,0.9861,0.8546,0.0656,['Intercity'],['AirFrance'],['Window'],[93],0.46153846153846156
2021-04-30 05:05:35.582118,Ali,1992-08-02,Tehran,Iran,"['Grand Voyageur', 'Golden Card', 'Cartafreccia']","['Apple Wallet', 'Google Wallet', 'Visa', 'Mastercard']","['Pregnant woman', 'Older person', 'Person with deafness or auditory impairments', 'Persons porting a carrycots', 'Wheelchair users in mainstreaming seat', 'Persons with blind or visual impairments']","['Intercity', 'Urban', 'Funicular', 'Trolely Bus', 'Bus', 'Park']","[4.5, 2.5, 4.5, 3.5, 3.0, 1.5, 5.0, 1.5, 3.5, 3.5]",Economy,Window,Automatic refund,202107071101496,7,Business,Milan,Dublin,"['Berlin', 'Frankfurt']",2021-06-13 21:49,2021-06-15 08:53,"['Local type', 'Telecabin']",Max 2,At least 40 min,2000m,Slow,13500m,Fast,Fast,0.5954,0.0072,0.1071,0.4996,0.1159,0.8771,0.4526,0.6194,0.2927,0.341,0.4143,"['Cable Way', 'Train', 'Bike Sharing', 'Airline', 'Airline', 'Funicular', 'Car Sharing']","['AirFrance', 'VBB', 'KLM', 'Renfe', 'Renfe', 'TMB', 'Renfe']","['Aisle', 'Window', 'Large', 'Aisle', 'Aisle', 'Window', 'Aisle']","[95, 46, 74, 73, 95, 18, 21]",0.46153846153846156
2021-04-30 05:05:35.582118,Ali,1992-08-02,Tehran,Iran,"['Grand Voyageur', 'Golden Card', 'Cartafreccia']","['Apple Wallet', 'Google Wallet', 'Visa', 'Mastercard']","['Pregnant woman', 'Older person', 'Person with deafness or auditory impairments', 'Persons porting a carrycots', 'Wheelchair users in mainstreaming seat', 'Persons with blind or visual impairments']","['Intercity', 'Urban', 'Funicular', 'Trolely Bus', 'Bus', 'Park']","[4.5, 2.5, 4.5, 3.5, 3.0, 1.5, 5.0, 1.5, 3.5, 3.5]",Economy,Window,Automatic refund,2021070711014921,10,Business,Milan,Dublin,"['Berlin', 'Frankfurt']",2021-06-13 21:49,2021-06-15 08:53,"['Local type', 'Telecabin']",Max 2,At least 40 min,3000m,Slow,10000m,Fast,Fast,0.8562,0.2786,0.386,0.3834,0.9384,0.5558,0.5842,0.5586,0.7339,0.9535,0.3438,"['Trolely Bus', 'Bus', 'Metro', 'Taxi', 'Other', 'Bike Sharing', 'Coach', 'Tram', 'Tram', 'Park']","['SNFC', 'FlixBus', 'Trenitalia', 'VBB', 'Renfe', 'RegioJet', 'KLM', 'KLM', 'AirFrance', 'FlixBus']","['Large', 'Window', 'Window', 'Large', 'Aisle', 'Window', 'Window', 'Aisle', 'Large', 'Window']","[94, 54, 28, 62, 93, 33, 55, 20, 11, 49]",0.4358974358974359
2021-04-30 05:05:35.582118,Ali,1992-08-02,Tehran,Iran,"['Grand Voyageur', 'Golden Card', 'Cartafreccia']","['Apple Wallet', 'Google Wallet', 'Visa', 'Mastercard']","['Pregnant woman', 'Older person', 'Person with deafness or auditory impairments', 'Persons porting a carrycots', 'Wheelchair users in mainstreaming seat', 'Persons with blind or visual impairments']","['Intercity', 'Urban', 'Funicular', 'Trolely Bus', 'Bus', 'Park']","[4.5, 2.5, 4.5, 3.5, 3.0, 1.5, 5.0, 1.5, 3.5, 3.5]",Economy,Window,Automatic refund,202107071101490,5,Business,Milan,Dublin,"['Berlin', 'Frankfurt']",2021-06-13 21:49,2021-06-15 08:53,"['Local type', 'Telecabin']",Max 4,At least 30 min,2500m,Slow,4000m,Fast,Fast,0.7261,0.6144,0.4412,0.1451,0.6837,0.5187,0.6859,0.3812,0.4257,0.6478,0.5266,"['Ship', 'Toll', 'Car Sharing', 'Tram', 'Bike Sharing']","['AirFrance', 'TMB', 'Trenitalia', 'FlixBus', 'FlixBus']","['Large', 'Large', 'Large', 'Window', 'Window']","[69, 17, 63, 35, 87]",0.4358974358974359
2021-04-30 05:05:35.582118,Ali,1992-08-02,Tehran,Iran,"['Grand Voyageur', 'Golden Card', 'Cartafreccia']","['Apple Wallet', 'Google Wallet', 'Visa', 'Mastercard']","['Pregnant woman', 'Older person', 'Person with deafness or auditory impairments', 'Persons porting a carrycots', 'Wheelchair users in mainstreaming seat', 'Persons with blind or visual impairments']","['Intercity', 'Urban', 'Funicular', 'Trolely Bus', 'Bus', 'Park']","[4.5, 2.5, 4.5, 3.5, 3.0, 1.5, 5.0, 1.5, 3.5, 3.5]",Economy,Window,Automatic refund,2021070711014913,7,Business,Milan,Dublin,"['Berlin', 'Frankfurt']",2021-06-13 21:49,2021-06-15 08:53,"['Local type', 'Telecabin']",Max 4,At least 40 min,2000m,Slow,19500m,Fast,Fast,0.3536,0.46399999999999997,0.8982,0.708,0.6955,0.4511,0.2605,0.6548,0.2393,0.6179,0.7646,"['Metro', 'Ship', 'Car Sharing', 'Taxi', 'Park', 'Ship', 'Funicular']","['Trenitalia', 'SNFC', 'AirFrance', 'Iberia', 'SNFC', 'Trenitalia', 'Trenitalia']","['Aisle', 'Large', 'Aisle', 'Aisle', 'Aisle', 'Window', 'Window']","[23, 63, 94, 71, 38, 60, 98]",0.41025641025641024
2021-04-30 05:05:35.582118,Ali,1992-08-02,Tehran,Iran,"['Grand Voyageur', 'Golden Card', 'Cartafreccia']","['Apple Wallet', 'Google Wallet', 'Visa', 'Mastercard']","['Pregnant woman', 'Older person', 'Person with deafness or auditory impairments', 'Persons porting a carrycots', 'Wheelchair users in mainstreaming seat', 'Persons with blind or visual impairments']","['Intercity', 'Urban', 'Funicular', 'Trolely Bus', 'Bus', 'Park']","[4.5, 2.5, 4.5, 3.5, 3.0, 1.5, 5.0, 1.5, 3.5, 3.5]",Economy,Window,Automatic refund,2021070711014933,3,Business,Milan,Dublin,"['Berlin', 'Frankfurt']",2021-06-13 21:49,2021-06-15 08:53,"['Local type', 'Telecabin']",Max 2,At least 20 min,1000m,Slow,18000m,Fast,Fast,0.6202,0.35200000000000004,0.8997,0.9696,0.7079,0.3359,0.8942,0.3289,0.0116,0.7564,0.2603,"['Metro', 'Metro', 'Cable Way']","['RegioJet', 'SNFC', 'VBB']","['Window', 'Aisle', 'Large']","[76, 75, 53]",0.41025641025641024
2021-04-30 05:05:35.582118,Ali,1992-08-02,Tehran,Iran,"['Grand Voyageur', 'Golden Card', 'Cartafreccia']","['Apple Wallet', 'Google Wallet', 'Visa', 'Mastercard']","['Pregnant woman', 'Older person', 'Person with deafness or auditory impairments', 'Persons porting a carrycots', 'Wheelchair users in mainstreaming seat', 'Persons with blind or visual impairments']","['Intercity', 'Urban', 'Funicular', 'Trolely Bus', 'Bus', 'Park']","[4.5, 2.5, 4.5, 3.5, 3.0, 1.5, 5.0, 1.5, 3.5, 3.5]",Economy,Window,Automatic refund,2021070711014910,6,Business,Milan,Dublin,"['Berlin', 'Frankfurt']",2021-06-13 21:49,2021-06-15 08:53,"['Local type', 'Telecabin']",Max 2,At least 40 min,1000m,Slow,4000m,Fast,Fast,0.7192,0.7478,0.8539,0.1751,0.3158,0.6392,0.0618,0.0627,0.8541,0.5045,0.1569,"['Cable Way', 'Car Sharing', 'Park', 'Cable Way', 'Airline', 'Airline']","['AirFrance', 'AirFrance', 'VBB', 'KLM', 'TMB', 'KLM']","['Large', 'Window', 'Window', 'Aisle', 'Window', 'Window']","[28, 74, 100, 17, 39, 82]",0.2564102564102564
